{
  "tc_id": "TC-015",
  "tc_name": "KM Curve with Risk Table",
  "metadata": {
    "n_total": 200,
    "n_experimental": 111,
    "n_control": 89,
    "events_experimental": 67,
    "events_control": 62,
    "population": "ITT",
    "time_unit": "months",
    "time_points": [
      0,
      3,
      6,
      9,
      12,
      15,
      18,
      21,
      24,
      30
    ],
    "python_version": "3.14.4",
    "package": "lifelines"
  },
  "overall_median": {
    "median": 8.21,
    "ci_lower": 6.9,
    "ci_upper": 11.01
  },
  "logrank": {
    "chisq": 3.726062,
    "df": 1,
    "p_value": 0.05357
  },
  "curve_experimental": {
    "time_points": [
      0.0,
      3.0,
      6.0,
      9.0,
      12.0,
      15.0,
      18.0,
      21.0,
      24.0,
      30.0
    ],
    "survival": [
      1.0,
      0.784016,
      0.63381,
      0.528391,
      0.428425,
      0.396599,
      0.289629,
      0.247794,
      0.20274,
      0.084475
    ],
    "ci_lower": [
      1.0,
      0.690309,
      0.527061,
      0.417741,
      0.318835,
      0.287842,
      0.186998,
      0.14907,
      0.110376,
      0.019115
    ],
    "ci_upper": [
      1.0,
      0.852353,
      0.722753,
      0.627383,
      0.533361,
      0.503181,
      0.40019,
      0.359637,
      0.314884,
      0.213674
    ],
    "n_at_risk": [
      111,
      73,
      53,
      38,
      31,
      25,
      16,
      12,
      9,
      3
    ],
    "n_events": [
      0,
      0,
      2,
      0,
      1,
      1,
      1,
      1,
      0,
      1
    ],
    "n_censored": [
      0,
      1,
      0,
      1,
      0,
      0,
      0,
      0,
      1,
      0
    ]
  },
  "curve_control": {
    "time_points": [
      0.0,
      3.0,
      6.0,
      9.0,
      12.0,
      15.0,
      18.0,
      21.0,
      24.0,
      30.0
    ],
    "survival": [
      1.0,
      0.70949,
      0.576379,
      0.354665,
      0.317332,
      0.213589,
      0.189857,
      0.113914,
      0.085436,
      0.042718
    ],
    "ci_lower": [
      1.0,
      0.598143,
      0.459701,
      0.24331,
      0.208901,
      0.118334,
      0.098806,
      0.042703,
      0.025337,
      0.004474
    ],
    "ci_upper": [
      1.0,
      0.795168,
      0.67663,
      0.467566,
      0.431129,
      0.327403,
      0.303412,
      0.22393,
      0.19273,
      0.159141
    ],
    "n_at_risk": [
      89,
      56,
      41,
      22,
      18,
      11,
      9,
      5,
      4,
      2
    ],
    "n_events": [
      0,
      1,
      0,
      1,
      1,
      1,
      1,
      1,
      1,
      1
    ],
    "n_censored": [
      0,
      0,
      1,
      0,
      0,
      0,
      0,
      0,
      0,
      0
    ]
  }
}